{"cameraMode":{"drawMode":0,"name":"Shaded","section":"Shading Mode"},"sceneLighting":true,"audioPlay":false,"sceneViewState":{"m_AlwaysRefresh":false,"showFog":true,"showSkybox":true,"showFlares":true,"showImageEffects":true,"showParticleSystems":true,"showVisualEffectGraphs":true,"m_FxEnabled":true},"in2DMode":false,"pivot":{"x":-0.05119091272354126,"y":4.153288841247559,"z":-8.244891166687012},"rotation":{"x":0.004190303850919008,"y":0.0035985277500003578,"z":0.00001612890264368616,"w":-0.9999874234199524},"size":2.2664132118225099,"orthographic":false}